g-store,g-store-2023-05-11_07-01-59.sql,2023-05-11 07:02:00.146263
ticketing_system,ticketing_system-2023-05-11_07-02-00.sql,2023-05-11 07:02:00.298921
g-store,g-store-2023-05-15_12-00-39.sql,2023-05-15 12:00:43.670712
ticketing_system,ticketing_system-2023-05-15_12-00-45.sql,2023-05-15 12:00:49.726094
g-store,g-store-2023-05-15_12-01-38.sql,2023-05-15 12:01:38.773472
ticketing_system,ticketing_system-2023-05-15_12-01-40.sql,2023-05-15 12:01:40.530406
g-store,g-store-2023-05-15_12-30-50.sql,2023-05-15 12:30:51.107692
g-store,g-store-2023-05-15_12-31-34.sql,2023-05-15 12:31:34.721699
g-store,g-store-2023-05-15_12-34-05.sql,2023-05-15 12:34:05.482570
ticketing_system,ticketing_system-2023-05-15_12-34-07.sql,2023-05-15 12:34:08.062871
g-store,g-store-2023-05-16_11-49-02.sql,2023-05-16 11:49:06.570341
g-store,g-store-2023-05-16_12-00-23.sql,2023-05-16 12:00:28.107331
ticketing_system,ticketing_system-2023-05-16_12-00-31.sql,2023-05-16 12:00:35.816935
g-store,g-store-2023-05-16_12-02-31.sql,2023-05-16 12:02:32.006095
ticketing_system,ticketing_system-2023-05-16_12-02-34.sql,2023-05-16 12:02:35.283675
g-store,g-store-2023-05-16_15-47-16.sql,2023-05-16 15:47:16.377009
ticketing_system,ticketing_system-2023-05-16_15-47-22.sql,2023-05-16 15:47:22.549725
g-store,g-store-2023-05-16_15-47-59.sql,2023-05-16 15:47:59.404250
ticketing_system,ticketing_system-2023-05-16_15-48-01.sql,2023-05-16 15:48:02.061954
ticketing_system,backup-2023-05-24_12-07-20,2023-05-24 12:07:20.724836
